<?xml version="1.0" encoding="UTF-8"?>
<!DOCTYPE mapper PUBLIC "-//mybatis.org//DTD Mapper 3.0//EN" "http://mybatis.org/dtd/mybatis-3-mapper.dtd">
<mapper namespace="com.example.mapper.HelpMapper">

    <!-- 通用查询映射结果 -->
    <resultMap id="BaseResultMap" type="com.example.entity.Help">
        <id column="id" property="id" />
        <result column="name" property="name" />
        <result column="img" property="img" />
        <result column="date" property="date" />
        <result column="place" property="place" />
        <result column="phone" property="phone" />
        <result column="remark" property="remark" />
    </resultMap>

</mapper>
