<?xml version="1.0" encoding="UTF-8"?>
<!DOCTYPE mapper PUBLIC "-//mybatis.org//DTD Mapper 3.0//EN" "http://mybatis.org/dtd/mybatis-3-mapper.dtd">
<mapper namespace="com.example.mapper.MenuMapper">

    <!-- 通用查询映射结果 -->
    <resultMap id="BaseResultMap" type="com.example.entity.Menu">
        <id column="id" property="id" />
        <result column="parent_id" property="parentId" />
        <result column="name" property="name" />
        <result column="path" property="path" />
        <result column="perms" property="perms" />
        <result column="component" property="component" />
        <result column="type" property="type" />
        <result column="icon" property="icon" />
        <result column="orderNum" property="orderNum" />
        <result column="created" property="created" />
        <result column="updated" property="updated" />
        <result column="statu" property="statu" />
    </resultMap>
    <select id="getmenuByNum" resultType="com.example.entity.Menu">
        select * from sys_menu order by orderNum
    </select>

</mapper>
