<?xml version="1.0" encoding="UTF-8"?>
<!DOCTYPE mapper PUBLIC "-//mybatis.org//DTD Mapper 3.0//EN" "http://mybatis.org/dtd/mybatis-3-mapper.dtd">
<mapper namespace="com.example.mapper.RoleMapper">

    <!-- 通用查询映射结果 -->
    <resultMap id="BaseResultMap" type="com.example.entity.Role">
        <id column="id" property="id" />
        <result column="name" property="name" />
        <result column="code" property="code" />
        <result column="remark" property="remark" />
        <result column="created" property="created" />
        <result column="updated" property="updated" />
        <result column="statu" property="statu" />
    </resultMap>

</mapper>
