<?xml version="1.0" encoding="UTF-8"?>
<!DOCTYPE mapper PUBLIC "-//mybatis.org//DTD Mapper 3.0//EN" "http://mybatis.org/dtd/mybatis-3-mapper.dtd">
<mapper namespace="com.example.mapper.UserMapper">

    <!-- 通用查询映射结果 -->
    <resultMap id="BaseResultMap" type="com.example.entity.User">
        <id column="id" property="id" />
        <result column="username" property="username" />
        <result column="password" property="password" />
        <result column="avatar" property="avatar" />
        <result column="email" property="email" />
        <result column="city" property="city" />
        <result column="created" property="created" />
        <result column="updated" property="updated" />
        <result column="last_login" property="lastLogin" />
        <result column="statu" property="statu" />
    </resultMap>

    <select id="getNavMenuIds" resultType="java.lang.Long">
        SELECT DISTINCT rm.menu_id
        FROM sys_user_role ur
                 LEFT JOIN sys_role_menu rm ON ur.role_id = rm.role_id

        WHERE ur.user_id = #{userId}

    </select>
    <select id="listByMenuId" resultType="com.example.entity.User">
        SELECT DISTINCT
            su.*
        FROM
            sys_user_role ur
                LEFT JOIN sys_role_menu rm ON ur.role_id = rm.role_id
                LEFT JOIN sys_user su ON ur.user_id = su.id
        WHERE
            rm.menu_id = #{menuId}

    </select>

</mapper>
